None
None
None
None
None
None
Belo Horizonte MG
None
None
Brasil
Belo Horizonte, Brasil
MT
Americana, Brasil
Madrid
None
None
ceara
None
None
Rio de Janeiro
None
Rio de Janeiro, Brasil
Brazil
None
None
Recife, Brasil
None
Brasil
Porto Alegre, Brasil
None
BH - Capital do Galão da Massa
Teófilo Otoni
None
None
None
None
None
Rio de Janeiro, Brasil
Flonopx,Santa Catarina,Brasil
Florianópolis, Brasil
Belo Horizonte, Brasil
None
None
None
Lindo de Janeiro, Brasil.
Recife - Pernambuco
None
None
None
None
None
Porto Alegre, Brasil
Piracicaba, Brasil
Holanda
Brasil
São Paulo, Brasil
São Bernardo do Campo
Grão-Pará, SC, Brasil
Belo Horizonte, Brasil
None
None
São gabriel - RS
Brasil
None
None
None
Rio
Brasil
MT
Itapuí, Brasil
Goiânia/Goiás/Brasil
Brasil
Brasil
None
Belém, Brasil
Brasil
None
São Paulo, Brasil
None
Campina Grande - PB - BR
None
Lisboa, Portugal
São José dos Campos, Brasil
Sao Paulo, Brazil
None
None
None
Rio Verde - GO
None
Fernandópolis, São Paulo
Brasil
Goiânia, Brasil
Goiânia - Goiás - Brasil
None
Bangu, Rio de Janeiro
Rio Grande do Sul, Brazil
São Paulo
Guarantã - SP
None
Cristã, Conservadora, Defendendo as ideias da Direita, lutando pelo Brasil.
Salvador-Bahia-Brasil
None
Mongaguá, Brasil
Rio de Janeiro, Brasil
Maranhão, Brasil
None
None
None
None
Fortaleza, Brasil
None
Linhares, Brasil
Rio de Janeiro, Brasil
Ponta Grossa, Brasil
Jequié, Brasil
Rio Grande - RS
None
NATAL - RN - BRAZIL
Turquia
MT
Recreio dos Bandeirantes, Rio 
Republica do Cudimundistão
Belo Horizonte, Brasil
None
Porto Alegre, Brasil
São Paulo, Brasil
São Paulo - SP - Brasil
None
Dhaka
Brasil
None
São Paulo
None
None
None
Teófilo Otoni
Caçador, Brasil
None
Anápolis, Brasil
Portugal
santos
Rio de Janeiro, Brasil
None
None
São Paulo, Brasil
None
Santa Catarina, Brazil
None
Venezuela, só que não! 
None
None
Brasil
None
None
None
Brasil
None
Santos, SP, Brasil
Brasil
None
São Paulo
Brasil
Florianópolis, Brasil
None
São Paulo, Brasil
Santos, Brasil
Uberlândia
None
None
Belém, Brasil
Natal, Brasil
Rondonópolis, Brasil
Fortaleza
Salinas
Rio de Janeiro, Brasil
Porto Alegre, Brasil
MT
João Pessoa, Brasil
 Interior SP
 Brasil RS
None
RIO DE JANEIRO
None
None
None
Curitiba, Brasil
Paris - Vizinho do Chico Buarq
None
São Paulo, Brasil
Santo André-SP
None
Ubatuba, Brasil
Liberdade, São Paulo
None
Caraguatatuba, Brasil
 Salto- SP
None
Campinas, Brasil
Goiânia, Brasil
Americana
Salvador, Brasil
sao paulo - brasil
São Paulo, Brasil
None
Angra dos Reis, Brasil
None
Rio de Janeiro
None
None
None
None
Guarulhos, Brasil
São Paulo
None
None
Belo Horizonte, Brasil
None
MT
Belém, Brasil
None
Brasil
Belo Horizonte, Brasil
None
None
Chernobyl
Salvador, Bahia , Brasil 
None
Recife - Pernambuco
None
Brasília, Brasil
Dourados-MS, Brasil
None
Salvador/Ba- Brasil
None
None
None
Recife-Pernambuco Brasil
None
None
Contagem
None
None
None
None
Curitiba
None
Brazil
Rio de Janeiro
None
None
None
None
São Paulo, Brasil
Guarulhos - SP
None
Brasil
None
Brasil
None
Rio de Janeiro, Brasil
João Pessoa, Brasil
Ribeirão Preto, Brasil
SP
None
None
manaus-am
Florianópolis, Brasil
Pará de Minas, Brasil
None
Manaus-Amazonas 
None
Liberdade, São Paulo
São Luis
MT
None
Brasil
Mongaguá, Brasil
S. Paulo Brasil 
São Paulo, Brasil
None
None
None
Santa Catarina, Brazil
None
None
None
None
Minas Gerais, Brasil
Porto Alegre, Brasil
None
Brasil
Porto Alegre, Brasil
Cambuquira, Brasil
None
Brasil
Rio de Janeiro, Brasil
Brasília, Brasil
Brasil
Brasil
None
Rio de Janeiro, Brasil
Brasil
Campinas
RJ
None
None
None
None
BanguCity
Jacareí - SP - Brasil
Niterói, Brasil
Brasil
None
None
None
None
Três barras do Paraná
None
None
None
MT
None
Brasil
None
None
None
None
Brasil
São Paulo, Brasil
None
Cristal Lake
Curitiba, Brasil
São Paulo, SP, Brazil
Brasil
Alem
None
Cacoal, Brasil
None
 Interior SP
Andradas, Brasil
None
None
Criciúma, Brasil
Recife - Pernambuco
Big field
Mato Grosso - Brasil
Brazil, IN
Porto Alegre, Brasil
 Brasil
São Paulo
 Ribeirão Preto, sp - Br.
São Paulo, Brasil
None
Rio Grande do Sul, Brasil
None
Atibaia, Brasil
None
None
Campo Grande, Brasil
Brasil
None
None
Uberaba, Brasil
None
Brasil
None
São Paulo
São Paulo
None
None
None
São Carlos, Brasil
None
Maringá, Paraná - Brasil
bh-mg
Brasil
Porto Alegre-RS-BRAZIL
Mg
None
None
None
None
Guará, Brasília
São Paulo, Brasil
Brasil
None
Belo Horizonte, Brasil
None
None
None
Rio Grande do Sul
Rio de Janeiro, Brasil
None
Brasil
Pernambuco 
Boituva, São Paulo Brasil
Sp
São José do Rio Preto, Brasil
None
Brazil
Rio de Janeiro, Brasil
Brasil
None
None
Brasília/DF
Montes Claros-MG
Salvador, Brasil
None
None
 Interior SP
None
None
Leningrad, Utopia
ITIRAPINA
None
Rio de Janeiro, Brasil
rio de janeiro
None
Chapeco Brasil
Porto Alegre
None
None
São Paulo SP Brasil
None
Santa Catarina, Brasil
Curitiba, Brasil
Limeira (SP) - Brasil
None
Rio de Janeiro, Brasil
Brasília, Brasil
Santo Amaro, São Paulo
Guarulhos, Brasil
None
None
Brasil
None
None
None
None
São Paulo, Brasil
None
None
None
Rio de Janeiro, Brasil
None
None
Brasil
None
Pernambuco 
Brasil
Brasil
Brasil
Ceará, Brasil
Recife - Pernambuco
None
None
None
España
sao jose dos campos
Brasil
Porto Seguro, Brasil
Marilia São Paulo
None
São Paulo
Ribeirão Preto, Brasil
None
None
Rio de Janeiro, Brasil
None
None
None
Brasil
...
None
São Jose dos Campos
Rio de Janeiro, Brasil
Brasil
None
None
Brasília-DF
None
Brasil
None
São Paulo, Brasil
Recreio dos Bandeirantes 
⚘ Direita sempre
None
Sp
Partidos do Centrão (MDB, PR, 
None
TIMBÓ-SC
Florianópolis, Brasil
SP
Goiânia, Brasil
BRASIL
BRASILIA
Belo Horizonte, Brasil
None
None
None
None
Campinas, Brasil
None
Belo Horizonte, Brasil
None
São Paulo, Brasil
None
None
None
Brasil
 Interior SP
None
Campinas, São Paulo
None
None
None
None
None
Curitiba
Salvador, Bahia, Brasil
None
None
Macapá-AP
Porto Alegre, Brasil
Rio de Janeiro Brasil
None
None
Brasil
Brasil
Rio de Janeiro, Brasil
None
Kobrasol, São José
None
Holanda
Santa Teresa, Brasil
bh-mg
Marilia São Paulo
 Ribeirão Preto, sp - Br.
Rio Grande - RS
None
Barreiras, Brasil
None
None
Caraguatatuba, Brasil
None
São Paulo sp
Recife - Pernambuco
None
None
None
None
Espírito Santo, Brasil
None
Limeira, Brasil
None
Fortaleza
São Paulo
Paraná, Brasil
None
Ribeirão Preto, Brasil
None
Guará, Brasília
Pará de Minas, Brasil
None
Rio Grande do Sul
Rio de Janeiro, Brasil
Brasil
Brazil
Taubaté, Brasil
None
Minas Gerais, Brasil
None
Nova Iguaçu, Brasil
None
Brasil
Brasil
None
Rio de Janeiro
Rio de Janeiro
None
Rio de Janeiro, Brasil
Belo Horizonte, Minas Gerais
None
SC / Brasil
Campo Grande, Brasil
portugal
TERESÓPOLIS 
Brasil
Santos, SP, Brasil
None
None
None
Belo Horizonte, Brasil
Rio de Janeiro, Brasil
Belo Horizonte, Brasil
Fortaleza, Brasil
Rio de Janeiro, Brasil
None
Parnaíba
None
São Paulo, Brasil
None
Brazil
None
None
Brasileira da direita 
Florianópolis, Brasil
None
None
Brasil
None
Vila Velha, Brasil
Marilia São Paulo
Santarém, Brasil
None
Bahia
Brasil
Muito longe
None
None
None
Planeta Terra.
Rio de Janeiro
Rio de Janeiro, Brasil
None
São Paulo, Brasil
João Neiva, Brasil
Porto Alegre, Brasil
Americana, Brasil
gab.ai/ElderdireitaMG
Itararé, Brasil
Pernambuco, Brasil
São Paulo, Brasil
None
None
None
Brasil
João Pessoa, Brasil
São Paulo, Brasil
Salvador, Brasil
None
None
Salvador, Brasil
None
None
Americana, Brasil
Algum lugar desse Brasilzão
None
Distrito Federal, Brasil
None
None
Natal, Brasil
Brasil
None
None
None
Belo Horizonte
Fortaleza, Brasil
Brasil
Rio de Janeiro, Brasil
None
Novo hamburgo
San Francisco, CA
Alto Lage, Cariacica
Brasil
None
Niterói,Brasil
São Paulo, Brasil
None
None
None
None
Grão-Pará, SC, Brasil
Atlântida Sul - RS
Rio de Janeiro, Brasil
Bauru, Brasil
None
Curitiba, Brasil
Porto Alegre, Brasil
None
São Paulo, Brasil
None
None
Recife - Pernambuco
None
None
Santa Vitória do Palmar, Brasi
Recife-Pernambuco Brasil
None
None
None
None
SP
Recife
None
None
Brasil
Goiás, Brasil
None
None
Brasil
None
None
Rio
Fortaleza, Brasil
Dhaka
None
None
None
None
Rio de Janeiro, Brasil
São gabriel - RS
None
None
Rio Branco, Acre, Brasil
MT
Santa Catarina, Brasil
Brasil
None
Rio de Janeiro
Pereira Barreto sp br
DF 
None
Brasil
Brasil
Brasil
None
Guarujá, Brasil
Rio de Janeiro, Brasil
Brasil
None
None
Grão-Pará, SC, Brasil
Porto Alegre, Brasil
None
None
None
None
None
São Paulo
None
None
None
None
Bahia,Brasil.
None
None
Rio de Janeiro, Brasil
Rio de Janeiro, Brasil
Parnamirim, Brasil
João Pessoa, Brasil
São João do Pau d'Alho, Brasil
Belém, Brasil
None
None
 Salto- SP
None
None
Oriximiná, Pára,Brasil
Brasil
Petrópolis, RJ
 Ribeirão Preto, sp - Br.
None
Caruaru, Brasil
São Paulo, Brasil
Brasil
Bonito,ms
Brasília, Brasil
Rio de Janeiro, Brazil
São Paulo, Brasil
Fernandópolis, São Paulo
None
São Paulo, Brasil
Rio de Janeiro, Brasil
Recife - Pernambuco
Teófilo Otoni
None
None
Barretos SP
None
Rio De Janeiro
Sete Lagoas MG
Parnamirim, Brasil
São Paulo
Manaus - Amazonas - Brasil
None
None
None
None
None
None
None
Fortaleza
Vancouver, British Columbia
Igara, Canoas, RS
Brasília, Brasil
ITIRAPINA
None
Porto Alegre, Brasil
None
Marilia São Paulo
Rio de Janeiro, Brasil
MT
RIo de Janeiro
Via Lactéa
Icó, Brasil
None
RIO DE JANEIRO
São Paulo-SP
Curitiba, Brasil
None
Recife, Brasil
Taboão da Serra, Brasil
None
São Paulo
Santa Helena - SC
Guará, Brasília
Recife Pernambuco Brasil
None
portugal
None
None
Sete Barras, Brasil
Brasil
Rio de Janeiro
None
Belo Horizonte, Brasil
None
None
Rio de Janeiro, Brasil
None
None
Rio de Janeiro 
Brazil
Brasil
Curitiba, Brasil
Brasília DF
Bahia,Brasil.
Recife
None
None
Guarulhos, Brasil
None
None
None
None
Brasil
Porto Alegre, Brasil
Goiânia-GO, BRasil
None
TERESÓPOLIS 
Brasil
Marilia São Paulo
None
None
Niterói, Brasil
brasilia
None
None
None
None
Teófilo Otoni
Inferno Verde e Amarelo
Brasília, Brasil
None
Palmas, Brasil
Natal-RN-Brazil
Vila Velha, Es, Brasil
None
Brazil
Brasil
Recife - Pernambuco
None
Rio de Janeiro, Brasil
None
None
Tocantins, Brasil
None
Atlântida Sul - RS
Porto Alegre, Brasil
None
Lucas do Rio Verde, Brasil
None
None
None
Brasília, Brasil
Ribeirão das Neves, Brasil
None
None
Vargem Grande, Rio de Janeiro
São Luis
None
Praia da Costa, Vila Velha
Brasil
None
MT
None
None
Belo Horizonte/Minas Gerais
None
Sorocaba
Rio de Janeiro, Brasil
Brasil
Belém, Brasil
he/him/she/her (whatever)
None
None
rio de janeiro
Rio de Janeiro
None
None
Brasília DF
Salvador, Brasil
 Ribeirão Preto, sp - Br.
None
None
Curitiba, Brasil
None
Governador Valadares, Brasil
Minas Gerais, Brasil
Manaus, Brasil
None
Ceará, Brasil
None
Marilia São Paulo
a pale blue dot in space
Rio de Janeiro, Brasil
None
None
Santa Vitória do Palmar, Brasi
Brasil
None
Curitiba
None
None
None
None
Tocantins, Brasil
None
Brasil
São Bernardo do Campo
Porto, Portugal
Itabira,MG
Flamengo, Contagem
None
Rio de Janeiro, Brasil
Porto Alegre, Brasil
None
Belo Horizonte, Brasil
None
None
None
None
Belém, Brasil
Dhaka
MT
None
None
Curitiba, Brasil
Distrito Federal, Brasil
None
None
SP -SP
Rio Grande do Sul, Brasil
None
Santa Catarina, Brasil
São Paulo, Brasil
Paraná - Brasil
None
Rio Grande do Sul
None
Pará de Minas, Brasil
None
None
Belo Horizonte, Brasil
Na Praia
Brasil
None
None
Rio de Janeiro, Capital.🏖
Sao Paulo
Manhuaçu, Brasil
None
Brasil, belo horizonte
None
None
Republica do Cudimundistão
Rio de Janeiro, Brasil
Nova Venécia - ES - Brasil
Salvador / Bahia / Brasil
None
Belo Horizonte
None
João Pessoa, Brasil
São Paulo
Salto, SP, Brasil
None
Rio de Janeiro, Brasil
None
None
Rio Branco, Acre, Brasil
None
None
Chapadinha-MA
Rio de Janeiro, Capital.🏖
RIO DE JANEIRO
None
MT
Recife - Pernambuco
None
SC / Brasil
Pereira Barreto sp br
salvador ba brasil
São Paulo
None
Brasil
Recife, Brasil
Brasil
Georgia, USA
São Paulo, Brasil
None
None
Ubatuba, Brasil
Santos, Brasil
None
Curitiba, Brasil
None
Rio Grande do Sul
None
Anápolis, Brasil
None
São Paulo, Brasil
Brasil
None
BRASIL
None
None
None
None
None
None
Sao Paulo
None
Rio de Janeiro, Brasil
Rio de Janeiro, Capital.🏖
Brasil
None
None
Brasil
None
sao jose dos campos
None
None
RIo de Janeiro
None
São Bernardo do Campo, Brasil
São Paulo, Brasil
Brasil
Sp
None
None
None
None
Curitiba, Brasil
Rio Grande do Sul, Brasil
Fortaleza, Brasil
São Paulo
None
Porto Alegre, Brasil
Belo Horizonte, Brasil
None
None
Santo André, Brasil
MT
São Paulo, Brasil
Rio de Janeiro, Brasil
None
Natal
None
None
Boituva-SP
None
None
Manaus/Am
Chapecó, Brasil
None
porto alegre
Bauru, Brasil
None
None
None
Vitória, Brasil
None
Natal-RN
Porto Alegre, Brazil
None
Parnamirim, Brasil
Paulista PE
None
None
Florianópolis, Brasil
None
Brasil
Curitiba
Blumenau, Santa Catarina
-3.061141,-59.968984
Florianópolis - SC
Brasil Novo, Brasil
None
Brasil
São Paulo
None
Rio de Janeiro, Capital.🏖
Brasil
Brasil
Americana
Santos, Brasil
Mato Grosso do Sul
Porto Alegre, Brasil
Rio de Janeiro
Vila Velha, Brasil
Uberlândia-MG
None
Rio de Janeiro, Brasil
None
None
None
São Paulo, Brasil
Fortaleza, Brasil
None
Rio de Janeiro, Capital.🏖
Macaé, Brasil
Brasil
Belo Horizonte, Brasil
bh-mg
Santos, SP, Brasil
Parnaíba
Brasil
Brasil São Paulo
Distrito Federal, Brasil
None
VCA-BA/BH-MG=Brasil 🇧🇷
MT
Brasil
Criciúma, Brasil
Guarulhos - SP 
None
Brasil
CIDADÃ do mundo...
Rio de Janeiro, Brazil
Brazil
None
São J.R.Preto, São Paulo
Rio de Janeiro, Capital.🏖
None
Mato Grosso - Brasil
Recife - Pernambuco
João Neiva, Brasil
Brasil
Mongaguá Brasil
Maceió-AL
Vila Velha, Es, Brasil
None
None
None
None
None
Fortaleza
None
São Paulo, Brasil
Dhaka
None
None
Brasília, Brasil
Ermelino Matarazzo, São Paulo
None
Rio de Janeiro, Brasil
Rio de Janeiro, Brazil
rio de janeiro
Rio de Janeiro
None
Bahia 
None
None
None
Brasil
Sete Barras, Brasil
⚘ Direita sempre
None
Rio de Janeiro, Capital.🏖
Rio de janeiro
None
None
None
None
None
None
Brasil
Vitória de Santo Antão, Brasil
None
São Paulo, Brasil
None
Itapuí, Brasil
São Paulo - Brasil
None
None
Santa Catarina, Brasil
None
São José dos Campos/SP
None
Santana, Amapá, Brasil
None
Belo Horizonte
None
None
None
MT
Espírito Santo, Brasil
Caia fora petralhada, Rj/Br.
Santa Catarina, Brasil
São Mateus, Brasil
Belo Horizonte
Grão-Pará, SC, Brasil
Ubatuba, Brasil
Palhoça, Brasil
Belo Horizonte
None
Tocantins, Brasil
Santa Catarina, Brasil
None
Chapecó, Brasil
None
None
Atibaia, Brasil
Sorocaba-SP
Rio de Janeiro, Brasil
Rio de Janeiro 
None
None
São Paulo
None
None
Salvador/ Bahia / Brasil
Marilia São Paulo
None
None
None
None
Brasil
Rio de Janeiro, Capital.🏖
None
None
None
𝕭𝖗𝖆𝖘𝖎𝖑 
None
None
Rio de Janeiro, Brasil
Rio de Janeiro, Brasil
None
None
São Paulo, Brasil
MT
None
São Paulo
Natal RN
Brazil
Atlântida Sul - RS
None
Franca SP
Fortaleza, Brasil
Rio Grande - RS
Americana
None
Belém, Brasil
Pará, Brasil
None
None
Belzonte/MG uai!
Duque de Caxias, Brasil
São Paulo, Brasil
None
None
None
None
Ribeirão das Neves, Brasil
Resende, Brasil
None
Florianópolis, Brasil
Minas Brasil, Belo Horizonte
Rio de Janeiro, Capital.🏖
Araras, Brasil
None
São Paulo
São Paulo 
Fearless
None
None
Ipanema - Rio
Brasília, Brasil
None
Franca, Brasil
None
None
Americana
None
Inglaterra, Reino Unido
porto alegre
Recife - PE .   Brasil
Belford roxo
Bom Despacho - MG
Vitória, Brasil
Rio de Janeiro, Capital.🏖
None
None
None
Rio de Janeiro, Brasil
São Paulo, Brasil
None
BRASIL
None
Vila Velha, Es, Brasil
None
None
Pará de Minas, Brasil
None
Brasil
São Luis
minha humilde residência
Brasil
None
Londrina, Brasil
None
Chapecó, Brasil
Rio de Janeiro, RJ
Cariacica-Sede , Brasil
Recife - Pernambuco
None
São Paulo, Brasil
None
são paulo/sp/br
None
Curitiba, Brasil
Brasil
None
None
None
None
None
Dhaka
Cristã, Conservadora, Defendendo as ideias da Direita, lutando pelo Brasil.
None
Brazil
None
None
None
None
None
ceara
None
brazil
São Paulo, Brasil
TANGUA RJ
Recife, Brazil
None
Rio de Janeiro, Brasil
None
Belo Horizonte
Belém, Pa
None
Americana
+5538 MG
None
None
None
Brasil
None
None
None
São Caetano do Sul, Brasil
None
None
None
None
São Paulo, Brasil
None
Brasil
Sempre a Direita 
BSB
Santa Vitória do Palmar, Brasi
None
Santos, SP, Brasil
None
Santa Catarina, Brasil
Palmas, Brasil
Belo Horizonte, Brasil
Brazil
None
None
Parnamirim, Brasil
None
None
São Paulo
Califórnia, USA
None
None
Rio de Janeiro, Brasil
Atlântida Sul - RS
None
Brasileira da direita 
Araras, Brasil
São Paulo, Brasil 
Brasil
None
None
None
Belo Horizonte, Brasil
Jaçanã, São Paulo
None
Anápolis, Brasil
Sabará, Brasil
None
Ermelino Matarazzo, São Paulo
None
João Neiva, Brasil
Salvador, Brasil
None
Rio Branco, Acre, Brasil
Porto Alegre, Brasil
Brasil
Belém, Brasil
Rio De Janeiro
None
None
None
None
None
None
None
Salvador, Brasil
Fortaleza, Brasil
Recife - Pernambuco
Bauru, Brasil
Guarulhos, Brasil
None
Goiânia, Brasil
None
São Paulo, Brasil
Sampa
Goiás
MT
None
Praia Grande, Brasil
None
None
Minas Gerais, Brasil
None
None
 RJ - BRAZIL
None
None
Miradouro Minas Gerais
Porto Alegre
Guará, Brasília
Brazil
Rio de Janeiro
None
None
Marilia São Paulo
None
None
Partidos do Centrão (MDB, PR, 
Salvador, Brasil
None
None
Santos, SP, Brasil
Rio Grande do Sul
São Paulo
João Pessoa, Brasil
New York, USA
Espírito Santo, Brasil
Brasil
None
Salvador, Brasil
Franco da Rocha -  SP - Brasil
Brasília
Tuiuti, Brasil
Recife, Brasil
None
None
Brasil
Guarujá, Brasil
None
None
Brasília DF
São Paulo, Brasil
Belo Horizonte, Brasil
None
None
None
Guarulhos, Brasil
MT
None
None
None
None
None
None
São Paulo, Brasil
None
Ponta Negra, Natal
None
Porto Alegre, Brasil
None
None
Brasil
Montes Claros, Brasil
Criciúma, Brasil
Brasil
None
Florianópolis, Brasil
Rio de Janeiro, Brasil
S.P.  Brasil
None
Americana
Rio de Janeiro, Brasil
São Paulo
Maranhão, Brasil
None
None
Brasil
Recife, Brasil
Cabo Frio, Rio de Janeiro
None
None
sao jose dos campos
São Paulo
Caraguatatuba, Brasil
None
Rio de Janeiro, Brasil
São Paulo - Capital
None
None
Rio de Janeiro, Brasil
Belo Horizonte, Brasil
None
None
Dhaka
São Paulo, Brasil
Sao Paulo, Brazil
None
Curitiba, Brasil
None
São Paulo
None
Rio de Janeiro, Brasil
None
Americana, Brasil
None
Santos, Brasil
Cabo Frio, Brasil
Santa Vitória do Palmar, Brasi
Brasil
MT
Porto Alegre, Brasil
None
None
Brasil
None
None
None
None
Recife - Pernambuco
None
None
None
None
Brasil
None
None
None
None
Fearless
None
None
Santa Catarina, Brasil
None
 RJ - BRAZIL
None
Praia Grande, Brasil
Brasil
Curitiba
Paris, France
None
Brasília DF
None
São Paulo, Brasil
São Paulo
São Paulo
None
curitiba
None
None
Porto Alegre/RS
None
None
None
None
Guará, Brasília
None
Leningrad, Utopia
None
None
None
Paraná, Brasil
None
None
None
None
None
None
Curitiba, Brasil
None
None
São Paulo, Brasil
None
Rio de Janeiro
None
None
Caçari, Boa Vista
None
MT
Brasil
None
Brasil
None
None
Santo André, Brasil
Rio de janeiro
None
Porto Alegre, Brasil
Porto Alegre RS
Criciúma, Brasil
Brasil meu amor
None
None
Brasil
Uberaba, Brasil
None
None
None
None
Belo Horizonte MG
Rio de Janeiro, Brasil
Salvador,Bahia
Praia Grande, Brasil
None
Parnamirim, Brasil
None
Rio de Janeiro, Brasil
None
Santa Vitória do Palmar, Brasi
None
Brasil
Pontal, Brasil
Curitiba, Brasil
São Bernardo do Campo, Brasil
None
None
Ceará, Brasil
Brasilia
Brazil
RIO DE JANEIRO
Curitiba
None
São Bernardo do Campo
None
None
None
None
Campo Grande, Brasil
Brasil
Sao paulo-sp
None
Paris - Vizinho do Chico Buarq
Brasil
São Paulo, Brasil 
None
None
Curitiba
São Paulo, Brasil
MT
None
Brasil
Rio de Janeiro
None
Rio de Janeiro, Brasil
None
None
None
Recreio dos Bandeirantes, Rio 
Ilha do Governador/Rio/Brasil
Gaithersburg, MD USA
Brasil
Natal
None
None
None
None
 RJ - BRAZIL
Rio de Janeiro 
Florianópolis, Brasil
Rio de Janeiro, Brasil
None
None
São Paulo
None
Santa Catarina, Brasil
None
Rio de Janeiro, Capital.🏖
São Paulo, NY, Boston
Recife - Pernambuco
São Paulo
None
RIO DE JANEIRO
Goiânia, Brasil
None
João Pessoa, Brasil
None
Belém, Pa
None
Sp
None
Brasil
São Paulo
Rio de Janeiro, Capital.🏖
Manaus, Brasil
None
Brasil
São Paulo
Belo Horizonte, Brasil
localizado
None
None
Paris, France
None
None
None
None
Brazil
Rio Claro, Brasil

-10.9095,  -37.0748
São Paulo
None
Rio de Janeiro, Brasil
None
Dourados-MS, Brasil
MT
None
None
None
Praia Grande, Brasil
None
 Interior SP
Brasil
Rio de Janeiro, Brasil
None
None
None
None
Rio de Janeiro
None
brasil
None
None
No seu coração
Recife/Brasil I'm an architect
None
Osasco, Brasil
None
None
Recife, Brasil
None
Minas Gerais, Brasil
Rio de Janeiro Brasil
Recife Pernambuco Brasil
None
None
Santa Catarina, Brasil
Brasil - AP
Rio de Janeiro
None
None
None
Rio Grande do Sul, Brasil
None
None
None
Jacareí, Brasil
None
None
None
None
Sao Paulo, Brazil
Rio de Janeiro, Brasil
None
osasco
Rio de Janeiro, Brasil
None
None
None
Gaithersburg, MD USA
None
Brasil
None
Salvador/BA
None
Brasil
Belém, Brasil
None
None
Minas Brasil, Belo Horizonte
Sorocaba
None
None
None
Brasil
None
None
None
None
None
None
Francisco Beltrão PR Brasil
Curitiba, Brasil
None
Belo Horizonte, Brasil
São Paulo
None
None
None
None
None
None
Ribeirão Preto, Brasil
São José dos Campos, Brasil
None
Mongaguá, Brasil
Boituva-SP
None
None
Cana Verde, Brasil
Rio Grande do Sul
MT
None
None
Friuli-Venezia Giulia, Italia
None
Paris - Vizinho do Chico Buarq
Alemanha
SP
Rio de Janeiro, Capital.🏖
None
Brazil
Salvador
Brasil
Itumbiara - Goiás 
Mato Grosso, Brasil
Rio de Janeiro
Brasil
None
Recife - Pernambuco
None
None
None
None
None
Andradas, Brasil
None
None
None
São Paulo
Florianópolis, Santa Catarina
Brasília, Brasil
Vila Velha, Brasil
Vila Velha, Es, Brasil
Palmas, Brasil
Gyncity / Barreiras
MT
None
São Paulo, Brasil
Marilia São Paulo
None
None
Santo Antônio de Jesus, Brasil
 Interior SP
None
São Paulo - SP
None
Porto Alegre, Brasil
Florianópolis, Brasil
None
None
None
MG, Brasil
None
None
Brasília, Brasil
São Paulo
São Paulo, Brasil
Brasília, Brasil
São Paulo, Brasil
Londrina Pr
Brazil
Minas Gerais, Brasil
None
Campina Grande - PB - BR
None
None
None
None
None
Recife, Brasil
None
MT
São Paulo, Brasil
None
Niterói, Brasil
None
Brasil  Venezuela  Cuba
None
None
None
None
Florianópolis, Brazil
None
None
G. Valadares
None
Brasil
São Paulo
None
localizado
RJ Brasil
None
Barra do Piraí, Brasil
None
None
Americana, Brasil
None
None
Buenos Aires, Argentina
Americana - SP - Brasil
None
Brasil
São Paulo, Brasil
Rio de Janeiro 
São Paulo, Brasil
None
None
Minas Gerais, Brasil
None
Minas Gerais, Brasil
Orlando, FL
 Interior SP
None
João Pessoa, Brasil
None
BRASIL
None
Brasil
None
None
Rio de Janeiro, Brasil
São Paulo, Brasil
Vila Velha, Brasil
Curitiba, Brasil
Santa Maria, Brasil
Rio de Janeiro, Brasil
Campo Grande, Brasil
Chapadinha-MA
None
Brasília, Brasil
Grão-Pará, SC, Brasil
None
None
None
Porto Alegre, Brasil
None
São Paulo, Brasil
São Paulo, Brasil
Ubatuba, Brasil
Jacareí, SP, Brasil
None
Brasil
Vila Velha, Es, Brasil
None
São Paulo
None
Brasil
Recife, Brasil
None
Rio de Janeiro, Brasil
BH - Capital do Galão da Massa
None
Brasil
None
Bauru sp
None
Fortaleza, Brasil
None
None
None
Montes Claros - MG
São José dos Campos/SP
Santos, SP, Brasil
None
None
Rio Grande do Sul
Brasil
MT
Brasil
Brasil
Joaíma, Brasil
None
None
São Bernardo do Campo, Brasil
None
None
Atlântida Sul - RS
São Paulo, Brasil
None
None
None
None
Eldorado dos Carajás, Brasil
São Paulo
None
None
Guarulhos, Brasil
None
Porto Alegre, Brasil
Montes Claros - MG
Belo Horizonte, Brasil
São Bernardo do Campo, Brasil 
None
Recife - Pernambuco
None
None
None
Recife/Brasil I'm an architect
None
MT
Andradas, Brasil
Salvador / Bahia / Brasil
None
Londrina Pr
 Interior SP
None
Rio de Janeiro, Brasil
None
None
Belém, Brasil
None
Rio das Ostras, Brasil
None
None
None
São Paulo
None
São Paulo, Brasil
None
Meleiro, Brasil
Valentim Gentil, Brasil
São Luis
São Paulo
None
Dhaka
None
Aparecida de Goiânia, Brasil
None
Goiânia - Goiás
None
None
Barreiras, Brasil
bh-mg
None
⚘ Direita sempre
Sao Paulo
Flamengo, Contagem
None
Brasil
Colatina -ES-Brasil
None
None
None
Porto Alegre, Brasil
sinop - MT
Belo Horizonte
None
None
None
None
None
None
Paraná, Brazil
São Paulo
Brasil meu amor
Montes Claros - MG
None
None
Santa Catarina, Brazil
Criciúma, Brasil
Belo Horizonte, ou sao paulo
São Paulo
None
None
Brasil
Brasília, Brasil
None
São Carlos, Brasil
Cidade Maravilhosa
Rio de Janeiro, Brasil
piracicaba
None
None
Brasil
None
None
None
Andradas, Brasil
None
São Paulo, Brasil
None
None
None
Salvador/BA
VCA-BA/BH-MG=Brasil 🇧🇷
no mundo dos animes ۞
Brasília, Brasil
None
None
None
Minas Gerais, Brasil
None
None
None
Santa Catarina, Brazil
Mogi das Cruzes, Brasil
Guarulhos, Brasil
Nova Iguaçu, Brasil
Belo Horizonte
None
Brasil
None
Pereira Barreto sp br
None
São Paulo, Brasil
None
None
Rio de Janeiro, Brasil
None
None
amazønia 
Porto Alegre, Brasil
Recife, Brasil
None
São Paulo, Brasil
Franca-SP
None
None
RS - Brasil
None
Curitiba - PR
None
MT
Praia Grande-SP
+55021
João Pessoa - PB
None
None
rio de janeiro
 Brasil RS
Santa Catarina, Brazil
Rio de Janeiro, Brasil
None
None
None
Belo Horizonte, Brasil
None
None
None
Sao Paulo, Brazil
Belém, Brasil
None
None
Distrito Federal, Brasil
None
None
None
Recife, Brasil
Belo Horizonte/Minas Gerais
Nova Iguaçu, Brasil
None
None
None
None
None
None
Brazil
São Paulo
Guarulhos, Brasil
Brasil
Brasil
São Paulo, Brasil
Brasília, Brasil
None
None
None
Parnamirim, Brasil
 Ribeirão Preto, sp - Br.
Montes Claros - MG
Mato Grosso - Brasil
RIO DE JANEIRO
Paranaguá, Brasil
None
Rio de Janeiro, Brasil
Goiânia - GO, Brasil
None
Paraíso, Brasil
None
None
None
ITIRAPINA
None
Brasil
None
Aparecida de Goiânia, Brasil
Brasília, Brasil
São Mateus, Brasil
Caxias do Sul, Brasil
None
Brasil Cuiabá mt
None
Porto Alegre, Brasil
None
None
São Paulo, Brasil
None
MT
None
Goiânia, Brasil
Nova Iguaçu, Brasil
Ermelino Matarazzo, São Paulo
None
None
Santa Catarina, Brasil
Rio de Janeiro, Brasil
D-Brasil-SP
rio de janeiro
Goiânia, Brasil
Brasil
Sao José do Rio Preto
None
None
None
None
Brasil
São Paulo
None
Beberibe-CE, Brasil
Brazil
Manaus
Montes Claros - MG
None
None
None
None
Caxias do Sul, Brasil
São Paulo, Brasil ♡
None
None
None
None
None
None
None
Brasil
Recife, Brasil
Natal, Rio Grande do Norte
São José dos Campos/SP
Brasil
None
Recife - Pernambuco
Muito longe
Brasil
None
Rio de Janeiro, Brasil
cornarmys
MT
Brusque, Brasil
Joaíma, Brasil
None
Cabreúva, Brasil
Campinas/SP Brasil
None
None
None
Marilia São Paulo
None
Atlântida Sul - RS
Parnamirim, Brasil
None
None
Rio de Janeiro / Brazil
None
Rio de Janeiro, Brasil
Curitiba, Brasil
Brasil
Distrito Industrial I e II, Ma
São Paulo
None
Brasil
Santa Lúcia, Brasil
Partidos do Centrão (MDB, PR, 
Montes Claros - MG
Vila Velha, Es, Brasil
São Paulo
São Paulo 
None
Brasil
Sorocaba, Brasil
None
São Paulo, Brasil
São Paulo, Brasil
Salvador, Brasil
Itumbiara, Goiás
None
None
None
Nova Iguaçu, Brasil
None
Ribeirão Preto, Brasil
None
São Paulo, Brasil
Foz do Iguaçu, Brasil
Francisco Beltrão, Brasil
MT
None
Brasil
None
São Paulo, Brasil
Uberaba, Brasil
None
Brasil
Araraquara, Brasil
Partidos do Centrão (MDB, PR, 
Sao Paulo, Brazil
Mossoró, RN, Brasil
Porto Alegre, Brasil
São Bernardo do Campo, Brasil
None
manaus AM
Curitiba - Paraná - Brasil
None
None
São Paulo, Brasil
osasco
São Paulo
Taboão da Serra, Brasil
None
None
None
Brasil 🇧🇷
Porto Alegre, Brasil
None
None
None
Uberlândia,Brasil
None
None
España
Brazil
Brasília-DF
Osório RS 
Itapebi, Bahia, Brasil
None
None
Natal
Rio Grande do Sul
None
None
Rio de Janeiro / Brazil
PR, Brasil
São Paulo, Brasil
RJ Brasil
Uberlândia, Brasil
Londrina Pr
None
Rio de Janeiro, Brasil
MT
Sorocaba, Brasil
None
None
Brasil
Cidade Maravilhosa 
None
None
Cuiabá MT,Brasil
Belo Horizonte, Brasil
None
Barbados
Rio de Janeiro, Brasil
None
São Paulo, Brasil
Paraná, Brasil
Brasil
None
Belo Horizonte, Brasil
Ipanema - Rio
Aracaju, Brasil
PoA/RS
São Paulo, Brasil
São Paulo, Brasil
Brasil
None
Brazil
None
None
None
Florianópolis, Santa Catarina
Sao Paulo, Brazil
Distrito Federal, Brasil
None
Itumbiara, Goiás
Rio de Janeiro, Brasil
Aracaju, Brasil
Palhoça, Brasil
MT
None
None
A dois passos do paraíso - SP
None
None
None
Manaus, Brasil
None
None
Marataízes/ES
Bahia, Brasil
None
Partidos do Centrão (MDB, PR, 
Curitiba, Brasil
Porto Alegre, Brasil
Palmas, Brasil
None
None
Texas, USA
None
Juiz de Fora, Brasil
None
 São Paulo - Brasil
Brasil
São Paulo, Brasil
None
Nova Iguaçu, Brasil
JUIZ DE FORA - MG
São Paulo
Rio de Janeiro
Brasil
None
Brasil
None
Belo Horizonte
Sao Paulo, Brazil
Dhaka
Brasil
None
None
None
Brasília, Brasil
Palotina, Brasil
São Paulo 
Brasil
Rio de Janeiro, Brasil
São Bernardo do Campo, Brasil
Santa Catarina, Brazil
None
None
São Paulo
Brasil
Recife, Brasil
None
BanguCity
None
San Francisco, CA
Fortaleza/Ce
None
Belém
None
None
None
None
RJ Brasil
MT
None
Resende, Brasil
None
São Paulo, Brasil
None
Natal
None
Brusque, Brasil
None
Peruibe/ Brasil
RJ 
None
None
Porto Alegre, Brasil
Rondônia, Brasil
None
None
None
None
None
São Paulo, Brasil
Guarulhos, Brasil
Porto Alegre, Brasil
Santa Catarina, Brazil
arari
Limeira, Brasil
MT
Maceió, Brasil
São Paulo, Brasil
Curitiba, Brasil
Belém, Brasil
None
Criciúma, Brasil
Porto Alegre RS
Rio de Janeiro, Brasil
Brasil
None
None
None
Rio de Janeiro, Brasil
Brasil
None
Minas Gerais, Brasil
None
None
None
None
None
None
Cabreúva, Brasil
None
Brasília, Brasil
None
Brasília, Brasil
None
Meleiro, Brasil
None
None
Porto Alegre, Brasil
None
Brasil
Nova Friburgo, Brasil
None
None
Cabo Frio, Brasil, ou Rio 
Recife, Brazil
Belém, Brasil
João Pessoa, Brasil
Recife - Pernambuco
Rio de Janeiro, Brasil
Recife, Brasil
Rio de Janeiro, Brasil
Ssa, Bahia, Brasil
Pará de Minas, Brasil
Belo Horizonte, Brasil
None
None
Brasil
Leningrad, Utopia
None
None
None
None
None
Sao Paulo, Brazil
Brasil
None
None
gab.ai/ElderdireitaMG
None
Goiânia, Brasil
Palmas, Brasil
Caruaru, Brasil
None
Vila Velha, Es, Brasil
Rio de Janeiro, Brasil
None
Ubatuba, Brasil
Belém, Brasil
Porto Alegre, Brasil
None
None
None
Rio de Janeiro, Brasil
None
None
None
None
Distrito Federal, Brasil
MT
None
None
Distrito Federal, Brasil
Rio de Janeiro, Brasil
Hashemite Kingdom of Jordan
None
None
São Paulo, Brasil
São Paulo, Brasil
Recreio dos Bandeirantes, Rio 
Itabira,MG
None
Envira, Brasil
Brasil
Brasil
Curitiba
Curitiba, Brasil
prai de Guriri, espírito santo
Santa Catarina, Brazil
None
None
None
Rio de Janeiro, Brasil
Natal-RN
None
Aqui, detrás do mundo!
None
Rodeo
Brasil
Guarulhos, Brasil
Recife - Pernambuco
Copacabana, Rio de Janeiro
None
Brasil
Curitiba, Brasil
São Paulo
Brasil
Limeira (SP) - Brasil
None
São Paulo
MT
Viçosa do Ceará
None
None
None
None
Itapecerica da Serra, SP
Cabreúva, Brasil
None
None
None
São Paulo, Brasil
Americana, Brasil
Santos, Brasil
None
None
Montes Claros - MG
Belo Horizonte,MG
Santa Catarina, Brazil
Rio De Janeiro
Brasil
Brasil
São Paulo, Brasil
None
None
None
Rio de Janeiro, Brasil 
Belém - PA
Porto Alegre, Brasil
None
Brazil, IN
Cuiabá, Brasil
São Paulo
Brasil / Rio de Janeiro
Natal
Caxias do Sul, Brasil
None
São Paulo, Brasil
Ribeirão das Neves, Brasil
Belém, Brasil
Salvador-Bahia-Brasil
Brasil
None
None
None
Recife, Brasil
None
Teófilo Otoni
Rio de Janeiro
None
None
Recife - Pernambuco
Brasil
São Paulo, Brasil
São gabriel - RS
None
None
Paraná, Brasil
Rio Grande do Sul
None
Duque de Caxias
Salvador, Brasil
Santa Catarina, Brazil
Ipanema - Rio
None
None
NATAL - RN - BRAZIL
Rio de Janeiro, Brasil
Brasil
Belo Horizonte, Brasil
Brasil
Interior de São Paulo
Barra da Tijuca, Rio
Rio de Janeiro, Brasil
None
Osasco, Brasil
None
None
None
Georgia, USA
None
None
Ermelino Matarazzo, São Paulo
Porto Alegre | Pelotas
None
None
None
Curitiba, Brasil
Guarulhos, Brasil
None
cariacica
None
Brasil
Santa Catarina, Brazil
Goiânia, Brasil
None
Taboão da Serra, Brasil
Santos 
Sertãozinho-SP
Parnamirim, Brasil
None
None
Campo Grande, Brasil
None
Contagem, Brasil
None
Distrito Federal, Brasil
Americana, Brasil
Minas Gerais, Brasil
Rio de Janeiro
Sao Paulo, Brazil
None
None
Florianópolis, Brasil
None
None
São Paulo, Brasil
São Paulo, Brasil
None
Marilia São Paulo
Brasil
Fortaleza, Brasil
None
Brasil
None
None
Rio de Janeiro
None
Vitória, Brasil
São Paulo, Brasil
Curitiba, Brasil
Belo Horizonte, Brasil
None
São gabriel - RS
None
None
None
Cidade Maravilhosa 
None
None
None
Porto Alegre, Brasil
None
None
Andaluzia, Espanha
Belém, Pará
conceição
None
Brasil
Ucrania
Santa Catarina, Brazil
None
São José dos Campos, Brasil
None
None
None
None
Neverland 
Goiânia, Brazil
None
Belém, Brasil
Recife, Brasil
São Paulo
Brasil
Rio de Janeiro, Brasil
None
None
None
None
Chapeco Brasil
None
Rio de Janeiro
None
None
None
Brasil
None
None
None
Boa Vista RR
Florianópolis, Santa Catarina
None
None
Porto Alegre, Brasil
None
Santa Catarina, Brazil
None
None
Recife - Pernambuco
São Paulo, Brasil
Belo Horizonte, Brasil
None
Brasil
None
MT
Grão-Pará, SC, Brasil
Floripa
None
São Paulo - Brasil
Brasil
Brasil
None
None
Floripa
None
São Paulo, Brasil
None
Blumenau, Brasil
None
João Pessoa, Brasil
sinop - MT
None
None
Brasil
None
None
 Brasil
None
São Paulo
São Paulo
Minas Gerais, Brasil
São Paulo, Brasil
None
Teófilo Otoni
Porto, Portugal
None
Brasil
Fortaleza ceara brasil
Porto Alegre, Brasil
Floripa
None
None
Brasil
None
None
Santa Vitória do Palmar, Brasi
Caxias do Sul
São Paulo
Recife, Brasil
None
None
None
Nova Friburgo/RJ
sao jose dos campos
None
Aracaju, Brasil
Curitiba, Brasil
Londrina, Brasil
None
None
None
None
None
BH - Capital do Galão da Massa
BRASIL
rio de janeiro
Brasil
None
None
Floripa
SSA/ BA
Jaguaruana, Brasil
None
DF 
None
Brasília, Brasil
None
Floripa - Brasil 
Rio de Janeiro / Brazil
Brasil
Brasil
Uberlândia
São Paulo, Brasil
None
prai de Guriri, espírito santo
São Paulo, Brasil
Alagoas, Brasil
Nova Venécia - ES - Brasil
None
None
None
SC / Brasil
None
bh-mg
None
Mato Grosso do Sul, Brasil
Curitiba
None
Parnaíba
Paraná - Brasil
Atlântida Sul - RS
Brasil - fora da lacrosfera!
Bangladesh
None
None
Bagé - RS
NIterói
Brazil
Peruibe/ Brasil
None
None
Barreiras, Brasil
Teresina, Brasil
Brasil
None
Rio de Janeiro, Brasil
Brasil
Brasil
Brasil
None
None
Santa Vitória do Palmar, Brasi
Brasil
São Paulo
None
None
None
None
None
São Paulo, Brasil
Floripa
None
None
Belo Horizonte
São Paulo, Brasil
São Paulo, Brasil
None
Florianópolis Santa Catarina.
Brasil
None
None
Rio Verde - GO
Curitiba, Brasil
Curitiba, Brasil
None
Rio de Janeiro, Brasil
None
São Paulo
None
None
None
Uberlândia, Brasil
Porto Alegre, Brasil
None
None
Marabá, Pará
None
None
None
None
None
Santo andré
Porto Alegre, Brasil
None
None
Passo Fundo, RS
None
None
São Paulo, Brasil
Brasil
São Gonçalo, Brasil
Guarulhos,SP
None
Asuncion, Paraguay🇵🇾
Palmas, Brasil
para de minas mg
None
None
Limeira (SP) - Brasil
None
None
None
São Paulo, Brasil
None
Brazil
None
None
Curitiba, Brasil
Brasil
None
Lisboa, Portugal
None
None
None
Paris - Vizinho do Chico Buarq
Recife - Pernambuco
Brasil
PALESTRA ITALIA
None
None
Ela
None
Porto Alegre
Brasil
None
None
Blumenau, Santa Catarina
None
Brasil
None
None
None
None
brasília,DF
None
Belém, Brasil
Caçari, Boa Vista
None
Brasil
None
None
None
Brasil
None
None
None
São Paulo, Brasil
Taubaté, Brasil
None
None
None
None
None
None
RJ
Fortaleza, Brasil
None
None
acampamento meio-sangue
None
None
Hashemite Kingdom of Jordan
None
None
Rio de Janeiro, Brasil
Cabo Frio, Brasil
BRASIL
None
Coroaci, Brasil
None
Rio de Janeiro, RJ
Canoas 
São Paulo, Brasil
São Paulo, Brasil
Belo Horizonte, Brasil
None
None
Rio Grande do Sul
None
Brasília, Brasil
Brasil
Rio de Janeiro, Brasil
Areal, Brasil
Campinas, Brasil
bh-mg
None
Rio de Janeiro, Brasil
None
None
Recife - Pernambuco
Rio de Janeiro, Brasil
Porto Alegre, Brasil
None
RIO DE JANEIRO
Araraquara, Brasil
Brasil
None
None
Brazil
None
São Paulo - SP - Brasil
Minas Gerais, Brasil
None
None
None
mystic falls • sccp •
Brasília, Brasil
None
None
Recife - Brasil
Guará, Brasília
São Paulo, Brasil
Brasil
São Paulo, Brasil
None
None
None
None
Distrito Federal, Brasil
Leningrad, Utopia
None
None
São Paulo, Brasil
None
None
None
Brasil
Natal, Rio Grande do Norte
Uberaba, Brasil
None
None
São Paulo
None
None
None
Brasil
New Jersey, USA
São Francisco de Itabapoana, B
São Paulo, Brasil
Província de São Paulo, Império do Brasil
None
Brazil
Florianopolis
None
None
None
None
Recife, Brazil
Curitiba-Brazil -Creci20968f
None
None
Canoas, RS, Brasil
None
None
Brasilia -DF
Salvador-Bahia-Brasil
None
Porto Alegre, Brasil
None
Catanduva, Brasil
São Paulo, Brasil
Brasil
None
None
None
Belém, Brasil
Natal/RN
Belo Horizonte/Minas Gerais
Sao Paulo, Brazil
None
None
None
Santos, Brasil
None
Rio de Janeiro, Brasil
Mongaguá, Brasil
São Paulo 
Recife
None
Rio de Janeiro, Brasil
None
Nova Iguaçu, Brasil
None
Anápolis, Brasil
None
São Paulo
Brasil
None
brasilia
Brasília, Brasil
Mogi das Cruzes, Brasil
São Paulo, Brasil
Rio de Janeiro, Brasil
osasco
São Paulo, Brasil
None
Brasil
None
Cascavel, Paraná Brasil 🇧🇷
Republica do Cudimundistão
Brasil
None
Palmas, Brasil
None
São Paulo, Brasil
Brasil
Earth
None
Fortaleza, Brasil
Porto Alegre, Brasil
Santa Catarina
sinop - MT
Brasil
None
None
None
None
None
None
Mato Grosso, Brasil
Rio de Janeiro, Brazil
None
None
Rio de Janeiro, Brasil
Itararé, Brasil
Catanduva, Brasil
Florianópolis - SC - Brasil
Sao Paulo, Brazil
SP
None
Miami Beach, FL
Uberlândia, Brasil
São Paulo, Brasil
UTOPIA
Brazil
São Paulo, Brasil
Brasil
Santos SP 
São Paulo, Brasil
Natal-RN-Brazil
Ceará, Brasil
None
None
None
Cabreúva, Brasil
None
None

-10.9095,  -37.0748
Viana
None
Rio de Janeiro
RIO DE JANEIRO
Montes Claros - MG
Natal RN
None
BRASILIA
None
Ribeirão das Neves, Brasil
None
Brasil
Distrito Federal, Brasil
None
Almirante Tamandaré - Pr
None
None
None
SBC - SP 
None
None
Tuiuti, Brasil
None
None
New Jersey, USA
Paraíso, Brasil
bh-mg
Porto Alegre, RS - Brasil
Gravataí, Brasil
None
None
Ribeirão Preto, Brasil
Porto Alegre, Brasil
None
None
None
None
Campo Grande, MS, Brasil
São Paulo, Brasil
São Sebastião, Brasil
None
None
Rio de Janeiro, Brasil
None
São Paulo, Brasil
Vila Mariana, São Paulo
Santa Catarina, Brasil
Brasil
None
None
None
Recife - Pernambuco
Dhaka, Bangladesh
Serrana, Brasil
Brasil
São Paulo, Brasil 
None
None
None
São Paulo
Montreal , Canadá 🇨🇦🇨🇦🇨🇦
São Paulo
Natal, Rio Grande do Norte
Distrito Federal, Brasil
None
Ponta Grossa, Brasil
Recife, Brasil
None
None
None
None
Gravataí, Brasil
Brasil
None
Brasil
None
None
None
None
Brasil
Brazil
None
Belo Horizonte, Brasil
Salvador, Brasil

-10.9095,  -37.0748
None
Rio de Janeiro, Brasil
Recife
Belo Horizonte, Brasil
None
None
Brazil
None
Brasil
São Paulo, Brasil
São Paulo
None
Brasil
RIO DE JANEIRO
Porto Alegre, Brasil
Londrina Pr
Portugal
None
Nova Iguaçu, Brasil
Brasil
None
None
None
None
BRASIL
None
Sao Paulo - Brasil 
Brasil
Duque de Caxias, Brasil
Brasil
Salvador/BA
Santo André
None
TERESÓPOLIS 
None
None
None
Blumenau, Santa Catarina
None
Goiânia, Brazil
São gabriel - RS
None
None
None
São Paulo
None
None
Partidos do Centrão (MDB, PR, 
None
Mcz .
Rio Verde - GO
Mineira
None
Goiânia
None
None
None
Atlântida Sul - RS
São Paulo, Brasil
None
None
Vitória de Santo Antão, Brasil
São José dos Campos, Brasil
None
Salvador, Brasil
Bruxelas
None
Nova Iguaçu, Brasil
None
Curitiba, Brasil
Brasil
None
Brasil
Porto Alegre RS
None
Rio de Janeiro, Brasil
None
None
São Paulo, Brasil
None
None
None
No puteiro chamado Brasil!
Varginha, Brasil
Cajuru, Curitiba
Porto Alegre, Brasil
None
Rio de Janeiro, Brasil
Salvador/BA
None
Francisco Beltrão, Brasil
None
None
None
None
Maceió, Brasil
Barretos, Brasil 📍
São Paulo, Brasil
None
Resende, Brasil
None
Recreio dos Bandeirantes, Rio 
Brasil
Ribeirão Preto, São Paulo
Nova Lima, Brasil
None
None
None
Brasil
gab.ai/ElderdireitaMG
None
Dhaka, Bangladesh
None
Brasil
None
Paraná, Brazil
São Luís
None
None
None
Praia Grande-SP
None
Curitiba, Brasil
None
None
Taboão da Serra, Brasil
Brazil
Nova Iguaçu, Brasil
None
None
Recife - Pernambuco
São Paulo, Brasil
Brasil
Santa Catarina, Brazil
Lucas do Rio Verde, Brasil
None
None
None
None
None
Brasil
None
None
None
None
Rio de Janeiro
Brasil
None
Londrina-PR
Brasil
Florianópolis - SC - Brasil
Sorocaba, Brasil
None
Porto Alegre, Brasil
None
None
None
None
Rio de Janeiro, Brasil
Brasólia
None
None
None
Niterói, Brasil
Brasil
Vila Velha, Brasil
None
None
None
None
None
São Bernardo do Campo, Brasil
None
Miami Beach, FL
São Paulo, Brasil
Naviraí, Brasil
Bocaiuva MG
Sherbrooke, Québec
None
None
None
None
Praia Grande, Brasil
São Paulo
None
Lutando pelo MEU PAÍS. Sou Jornalista (preservo o sigilo da fonte). Inimputável em razão de doença mental.
RIO DE JANEIRO
None
None
Guará, Brasília
Atlântida Sul - RS
None
None
Salvador-Bahia-Brasil
None
Curitiba, Brasil
None
Rio de Janeiro
None
São Paulo
Campinas, Brasil
None
None
None
None
Beberibe-CE, Brasil
None
Passo Fundo RS
Dhaka, Bangladesh
São Paulo, Brasil
Belo Horizonte/Minas Gerais
New Jersey, USA
None
Brasília, Brasil
Curitiba, Brasil
None
Brasil
Natal Rn, Brasil
Brasil
Porto Alegre, Brasil
Rio Grande do Sul
None
Paraná - Brasil
Rio de Janeiro, Brasil
Recife - Pernambuco
Brasil
Minas Gerais/Brasil
None
Minas, o Estado mais lindo.
Vila Velha, Es, Brasil
None
None
None
None
São Paulo, Brasil
None
None
Rio de Janeiro 
None
Brasil
Marilia, SP
Sao Paulo, Brazil
None
None
None
Brasil Novo, Brasil
Rio de Janeiro
Distrito Federal, Brasil
None
None
None
São Paulo, Brasil
São Paulo / SP
None
None
Rio de Janeiro, Brasil
None
Uberlândia - MG - Brasil
Fortaleza ceara brasil
None
None
None
Alagoas, Brazil
São Paulo, Brasil
None
None
RJ Brasil
salto del guaira py.
Sao Paulo, Brazil
None
None
Passo Fundo, Brasil -
porto alegre
None
Paris - Vizinho do Chico Buarq
None
Casca, Brasil
None
None
None
Big Data
None
None
Dhaka, Bangladesh
BRASIL
Rio de Janeiro, Brasil
None
Vila Velha, Es, Brasil
None
Brasil
Rio de Janeiro, Brasil
None
SBC - SP 
None
São Paulo, Brasil
Recreio dos Bandeirantes, Rio 
Brasil
Atibaia, Brasil
None
Grão-Pará, SC, Brasil
None
Distrito Federal, Brasil
None
Cidade Maravilhosa 
RJ
Curitiba, Brasil
None
Fortaleza, Brasil
Recife - Pernambuco
Rio de Janeiro
None
None
None
None
Curitiba, Brasil
São Paulo, Brasil
None
Belém, Brasil
None
Rio Grande do Sul
Manaus, Brasil
None
None
Uberlândia, Brasil
Minas Gerais, Brasil
None
None
None
Sao Paulo, Brazil
None
Ipatinga, Brasil
Brasil
São Bernardo do Campo, Brasil 
Porto Nacional, Brasil
None
Partidos do Centrão (MDB, PR, 
None
Brasil - fora da lacrosfera!
Brasilia
Curitiba, Brasil
Distrito Federal, Brasil
None
Brasil
None
Porto Alegre
None
Belo Horizonte, Brasil
Salvador, Bahia , Brasil 
None
Brazil
Itajaí, Brasil
Brasil
Rondônia, Brasil
None
None
São Paulo, Brasil
None
São gabriel - RS
None
Bragança Paulista, Brasil
None
Muito longe
Brasília 🇧🇷 Bolsonaro sempre
Brasil
Brasil
Santa Catarina, Brazil
São Paulo, Brasil
São Paulo
rio de janeiro
Dhaka, Bangladesh
None
Santa Vitória do Palmar, Brasi
None
Sorocaba, Brasil
Sao Paulo, Brazil
São Paulo,Curitiba
Canoas, Brasil
None
None
None
None
Sao Paulo
João Pessoa, Brasil
RIO DE JANEIRO
None
None
São Paulo, Brasil
Rio de Janeiro, Brasil
São Paulo
São Paulo, Brasil
None
None
Rio de Janeiro, Brasil
None
São Paulo
Barretos SP
Colatina -ES-Brasil
Rio de Janeiro, Brasil
None
None
Naviraí, Brasil
None
Brasil
Joaíma, Brasil
None
Atlântida Sul - RS
Brasil
None
Rondônia, Brasil
Tocantins, Brasil
None
Santa Catarina, Brasil
None
None
None
Sp
Caxias do Sul
Salvador, Brasil
Brasil
None
None
None
None
None
None
None
None
None
Brasil
Brasil
None
Rio de Janeiro, Brasil
Niterói - RJ
São Paulo, Brasil
Campinas, Brasil
Rio de Janeiro
Minas Gerais
Brasília, Brasil
None
None
Belo Horizonte, Brasil
porto alegre
None
Brazil
Varginha, Brasil
sinop - MT
Brasil
Guará, Brasília
None
None
None
Curitiba, Brasil
Porto Alegre
None
Palmas, Brasil
Ermelino Matarazzo, São Paulo
None
None
Blumenau, Santa Catarina
RIO DE JANEIRO
None
None
Dhaka, Bangladesh
Duque de Caxias, Brasil
Passo Fundo, Brasil -
None
Brasil
New Jersey, USA
Brasil
None
None
None
São Paulo, Brasil
Belém, Brasil
São Paulo, Brasil
None
Rio Grande do Sul
Rio de Janeiro, Brasil
Parnaíba
None
None
Brasília, Brasil
Rio de Janeiro
Lisboa, Portugal
None
None
None
None
Rio de Janeiro, Brasil
Oklahoma, USA
None
Brasil
Brasil
None
Brazil
None
São Paulo
Salvador, Brasil
São Paulo, Brasil
None
None
None
Vila Velha, Es, Brasil
None
None
None
Brasil
None
None
Brazil
Paris, France
Brasil
 Brasil
None
None
Nova Friburgo, Brasil
Distrito Federal, Brasil
São Paulo, Brasil
Brazil
None
None
Rio de Janeiro
None
TERESÓPOLIS 
None
Brasil  Venezuela  Cuba
None
São Paulo, Brasil
None
Brasil
porto alegre - brasil
None
None
Vila Velha, Brasil
None
Brasil
Sherbrooke, Québec
None
None
Brasil
Canoas, Brasil
None
Rio de Janeiro, Brazil
Rio de Janeiro, Brasil
Fortaleza, Brasil
None
Santa Catarina, Brazil
Belo Horizonte
Brasil
Wakanda
None
São Paulo
Recife - Pernambuco
None
None
Cabreúva, Brasil
None
None
None
None
None
None
São Paulo, Brasil
Rio de Janeiro, Brasil
None
Tocantins, Brasil
Curitiba, Brasil
None
None
Rio de Janeiro
None
Paraíba do Sul, Brasil
None
Rio de Janeiro
Ananindeua
None
São Paulo, Brasil
Leningrad, Utopia
None
Guará, Brasília
None
São Paulo
None
Mogi das Cruzes, Brasil
Passo Fundo, RS
None
Brasil
None
Pará de Minas, Brasil
Home is where my wife is
None
SBC - SP 
None
None
Rio de Janeiro, Brasil
Mongaguá Brasil
Almirante Tamandaré - Pr
None
Rio de Janeiro, Brasil
São Paulo
SP
Balneário Camboriú, Brasil
None
None
None
None
Sao Paulo, Brazil
None
São Paulo,Curitiba
Rio de Janeiro
Barretos SP
None
Rio de Janeiro, Brasil
None
Parnaíba
São Paulo
Praia Grande-SP
Minas Gerais, Brasil
Maceió, Brasil
São Paulo
Brasil
Dhaka, Bangladesh
None
Chapecó, Brasil
None
São Paulo, Brasil
rio de janeiro
Campinas, São Paulo
Campinas, Brasil 
Realengo, Rio de Janeiro
Rio de Janeiro, Brasil
Rio de Janeiro
São Paulo, Brasil
Rio de Janeiro
Dhaka
None
ananindeua-para 
None
None
Brasil
None
São Paulo, Brasil
no GAB🐸
Guarulhos, Brasil
Brasil
None
Salvador - Bahia - Brazil
None
None
None
None
Brazil
Minas Gerais
Nova Lima, Brasil
None
Curitiba, Brasil
Tocantins, Brasil
None
Santa Catarina, Brasil
None
Campina Grande - PB - BR
Rio de Janeiro, Brasil
Brasília, Brasil
Vila Emil, Mesquita
Barra Mansa
Taubaté, SP Brazil
None
None
Curitiba, Brasil
None
Recife - Pernambuco
None
Brasil
None
None
None
Itararé, Brasil
None
Rio de Janeiro, Brasil
São Paulo, Brasil

-10.9095,  -37.0748
None
None
São Paulo, Brasil
São Paulo
None
None
Belo Horizonte
None
None
Rio Grande do Sul
None
None
None
Avaré, Brasil
São gabriel - RS
None
None
São Paulo, Brasil ♡
Sp
Sao Paulo
Ubatuba, Brasil
Natal-RN
Ribeirão das Neves, Brasil
None
None
Belo Horizonte - Minas Gerais
None
None
Dhaka, Bangladesh
Localizando...
São Paulo, Brasil 
None
None
Rio de Janeiro, Brasil
Ribeirão Preto, Brasil
None
São Paulo, Brasil
None
None
Centro, Cascavel
None
Salvador, Bahia , Brasil 
None
None
None
None
Cajuru, Curitiba
Nova Friburgo, Brasil
Distrito Federal, Brasil
Belo Horizonte, Brasil
None
Jaguaruana, Brasil
Envira, Brasil
Saúde, São Paulo
gab.com
João Pessoa, Brasil
República de Curitiba
Brasil
None
Icaraí, Niterói
None
None
São Paulo, Brasil
None
Brasil
Brasil Novo, Brasil
Ribeirão Preto, Brasil
São Paulo
Corumbá de Goiás 
None
None
None
None
Brasil
None
None
None
None
None
None
Ribeirão Preto, Brasil
None
None
Fortaleza, Brasil
Blumenau, Santa Catarina
São Paulo, Brasil
Santos, SP, Brasil
None
Aracaju, Brasil
Rio de Janeiro
Balneário Camboriú  
None
None
TERESÓPOLIS 
None
None
Brasília, Brazil
None
Brasília, Distrito Federal
None
None
None
São Paulo, Brasil
Rio de Janeiro, Brasil
None
João Pessoa, Brasil
São Paulo, Brasil
Recife - Pernambuco
None
Brasília, Brasil
None
None
None
Curitiba, Brasil
Brasil 🇧🇷
None
Dhaka, Bangladesh
None
Brasil
None
None
None
None
Belo Horizonte, Brasil
Teresina, Brasil
Rio de Janeiro, Brasil
Fronteira, Brasil🌎
Brasil
None
São Paulo, Brasil
None
Brazil
Manaus, Brasil
None
New Jersey, USA
Atibaia, Brasil
None
None
None
Coroaci, Brasil
None
None
Sp
None
Pernambuco
None
Goiânia, Goiás, Brasil
Campina Grande - PB - BR
Tocantins, Brasil
Rio de Janeiro, Brasil
None
Itajaí, Brasil
None
Georgia, USA
None
Sao Paulo
None
None
Teresina, Brasil
None
Fortaleza, Brasil
Recife, Brasil
None
Brasil
São Paulo
Cabo Frio, Rio de Janeiro
Brasil
Brasil
Belo Horizonte
None
Parnaíba
None
None
None
Natividade da Serra, Brasil
None
None
None
None
None
None
None
Rio de Janeiro, Brazil
None
None
None
None
Caxias do Sul, Brasil
None
Rio de Janeiro, Brasil
Curitiba, Brasil
Rio de Janeiro, Brasil
CE, PE, BA - Brasil
None
Ribeirão Preto, São Paulo
None
None
Rio de Janeiro, Brasil
Rio de Janeiro
João Pessoa, Brasil
None
Brazil
None
None
None
None
Dhaka, Bangladesh
None
None
SP, interior🇧🇷
Rondonópolis - MT
São Paulo
None
porto alegre
Fortaleza, Brasil
Recife - Pernambuco
São Paulo, Brasil
None
Rio de Janeiro, Brasil
None
Rio de Janeiro, Brasil
None
Rio de Janeiro, Brasil
João Pessoa, Brasil
SBC - SP 
None
None
Brasil
Nova Lima, Brasil
Rio de Janeiro
Campina Grande, Brasil
None
None
None
João Pessoa, Brasil
None
None
None
Brasil
None
Bahia, Brasil
Guarulhos, Brasil
None
None
None
PALESTRA ITALIA

-10.9095,  -37.0748
None
None
None
None
Miami Beach, FL
Belém do Pará, Brasil 
Uberlândia, Brasil
Santo Antônio de Jesus, Brasil
None
None
None
None
Montes Claros, Brasil
Brasil
Sorocaba, Brasil
None
Rio de Janeiro, Brasil
Muriaé MG
São gabriel - RS
None
São Paulo, Brasil
None
None
TERESÓPOLIS 
João Pessoa, Brasil
None
Rio de Janeiro, Brasil
None
Campo Grande - MS
Brasília, Brasil
None
Interior de São Paulo
São Paulo
None
None
Goiânia, Brasil
None
None
None
Brasil
None
None
Montes Claros, Brasil
None
Rio De Janeiro
Dhaka, Bangladesh
São Paulo
None
Belo Horizonte
None
